true_1,true_2,true_3,true_4,true_5,pred_1,pred_2,pred_3,pred_4,pred_5
1,false,100063,0.5,0.5149,-1.1074,-1.7652,-1.7913,0.43059,0.80153,-1.05584,-1.71624,-1.75751
